"","latitud","longitud"
"890",1.606760968,-20.006240974
"891",1.61056368,-20.01295974
"892",1.614366392,-20.019678506
"893",1.618169104,-20.026397272
"894",1.621971816,-20.033116038
"895",1.625774528,-20.039834804
"896",1.62957724,-20.04655357
"897",1.633379952,-20.053272336
"898",1.637182664,-20.059991102
"899",1.640985376,-20.066709868
"900",1.644788088,-20.073428634
"901",1.6485908,-20.0801474
"902",1.652393512,-20.086866166
"903",1.656196224,-20.093584932
"904",1.659998936,-20.100303698
"905",1.663801648,-20.107022464
"906",1.66760436,-20.11374123
"907",1.671407072,-20.120459996
"908",1.675209784,-20.127178762
"909",1.679012496,-20.133897528
"910",1.682815208,-20.140616294
"911",1.68661792,-20.14733506
"912",1.690420632,-20.154053826
"913",1.694223344,-20.160772592
"914",1.698026056,-20.167491358
"915",1.701828768,-20.174210124
"916",1.70563148,-20.18092889
"917",1.709434192,-20.187647656
"918",1.713236904,-20.194366422
"919",1.717039616,-20.201085188
"920",1.720842328,-20.207803954
"921",1.72464504,-20.21452272
"922",1.728447752,-20.221241486
"923",1.732250464,-20.227960252
"924",1.736053176,-20.234679018
"925",1.739855888,-20.241397784
"926",1.7436586,-20.24811655
"927",1.747461312,-20.254835316
"928",1.751264024,-20.261554082
"929",1.755066736,-20.268272848
"930",1.758869448,-20.274991614
"931",1.76267216,-20.28171038
"932",1.766474872,-20.288429146
"933",1.770277584,-20.295147912
"934",1.774080296,-20.301866678
"935",1.777883008,-20.308585444
"936",1.78168572,-20.31530421
"937",1.785488432,-20.322022976
"938",1.789291144,-20.328741742
"939",1.793093856,-20.335460508
"940",1.796896568,-20.342179274
"941",1.80069928,-20.34889804
"942",1.804501992,-20.355616806
"943",1.808304704,-20.362335572
"944",1.812107416,-20.369054338
"945",1.815910128,-20.375773104
"946",1.81971284,-20.38249187
"947",1.823515552,-20.389210636
"948",1.827318264,-20.395929402
"949",1.831120976,-20.402648168
"950",1.834923688,-20.409366934
"951",1.8387264,-20.4160857
"952",1.842529112,-20.422804466
"953",1.846331824,-20.429523232
"954",1.850134536,-20.436241998
"955",1.853937248,-20.442960764
"956",1.85773996,-20.44967953
"957",1.861542672,-20.456398296
"958",1.865345384,-20.463117062
"959",1.869148096,-20.469835828
"960",1.872950808,-20.476554594
"961",1.87675352,-20.48327336
"962",1.880556232,-20.489992126
"963",1.884358944,-20.496710892
"964",1.888161656,-20.503429658
"965",1.891964368,-20.510148424
"966",1.89576708,-20.51686719
"967",1.899569792,-20.523585956
"968",1.903372504,-20.530304722
"969",1.907175216,-20.537023488
"970",1.910977928,-20.543742254
"971",1.91478064,-20.55046102
"972",1.918583352,-20.557179786
"973",1.922386064,-20.563898552
"974",1.926188776,-20.570617318
"975",1.929991488,-20.577336084
"976",1.9337942,-20.58405485
"977",1.937596912,-20.590773616
"978",1.941399624,-20.597492382
"979",1.945202336,-20.604211148
"980",1.949005048,-20.610929914
"981",1.95280776,-20.61764868
"982",1.956610472,-20.624367446
"983",1.960413184,-20.631086212
"984",1.964215896,-20.637804978
"985",1.968018608,-20.644523744
"986",1.97182132,-20.65124251
"987",1.975624032,-20.657961276
"988",1.979426744,-20.664680042
"989",1.983229456,-20.671398808
"990",1.987032168,-20.678117574
"991",1.99083488,-20.68483634
"992",1.994637592,-20.691555106
"993",1.998440304,-20.698273872
"994",2.002243016,-20.704992638
"995",2.006045728,-20.711711404
"996",2.00984844,-20.71843017
"997",2.013651152,-20.725148936
"998",2.017453864,-20.731867702
"999",2.021256576,-20.738586468
"1000",2.025059288,-20.745305234
"1001",2.028862,-20.752024
"1002",2.028862,-20.752024
"1003",2.032320213,-20.755832513
"1004",2.035778426,-20.759641026
"1005",2.039236639,-20.763449539
"1006",2.042694852,-20.767258052
"1007",2.046153065,-20.771066565
"1008",2.049611278,-20.774875078
"1009",2.053069491,-20.778683591
"1010",2.056527704,-20.782492104
"1011",2.059985917,-20.786300617
"1012",2.06344413,-20.79010913
"1013",2.066902343,-20.793917643
"1014",2.070360556,-20.797726156
"1015",2.073818769,-20.801534669
"1016",2.077276982,-20.805343182
"1017",2.080735195,-20.809151695
"1018",2.084193408,-20.812960208
"1019",2.087651621,-20.816768721
"1020",2.091109834,-20.820577234
"1021",2.094568047,-20.824385747
"1022",2.09802626,-20.82819426
"1023",2.101484473,-20.832002773
"1024",2.104942686,-20.835811286
"1025",2.108400899,-20.839619799
"1026",2.111859112,-20.843428312
"1027",2.115317325,-20.847236825
"1028",2.118775538,-20.851045338
"1029",2.122233751,-20.854853851
"1030",2.125691964,-20.858662364
"1031",2.129150177,-20.862470877
"1032",2.13260839,-20.86627939
"1033",2.136066603,-20.870087903
"1034",2.139524816,-20.873896416
"1035",2.142983029,-20.877704929
"1036",2.146441242,-20.881513442
"1037",2.149899455,-20.885321955
"1038",2.153357668,-20.889130468
"1039",2.156815881,-20.892938981
"1040",2.160274094,-20.896747494
"1041",2.163732307,-20.900556007
"1042",2.16719052,-20.90436452
"1043",2.170648733,-20.908173033
"1044",2.174106946,-20.911981546
"1045",2.177565159,-20.915790059
"1046",2.181023372,-20.919598572
"1047",2.184481585,-20.923407085
"1048",2.187939798,-20.927215598
"1049",2.191398011,-20.931024111
"1050",2.194856224,-20.934832624
"1051",2.198314437,-20.938641137
"1052",2.20177265,-20.94244965
"1053",2.205230863,-20.946258163
"1054",2.208689076,-20.950066676
"1055",2.212147289,-20.953875189
"1056",2.215605502,-20.957683702
"1057",2.219063715,-20.961492215
"1058",2.222521928,-20.965300728
"1059",2.225980141,-20.969109241
"1060",2.229438354,-20.972917754
"1061",2.232896567,-20.976726267
"1062",2.23635478,-20.98053478
"1063",2.239812993,-20.984343293
"1064",2.243271206,-20.988151806
"1065",2.246729419,-20.991960319
"1066",2.250187632,-20.995768832
"1067",2.253645845,-20.999577345
"1068",2.257104058,-21.003385858
"1069",2.260562271,-21.007194371
"1070",2.264020484,-21.011002884
"1071",2.267478697,-21.014811397
"1072",2.27093691,-21.01861991
"1073",2.274395123,-21.022428423
"1074",2.277853336,-21.026236936
"1075",2.281311549,-21.030045449
"1076",2.284769762,-21.033853962
"1077",2.288227975,-21.037662475
"1078",2.291686188,-21.041470988
"1079",2.295144401,-21.045279501
"1080",2.298602614,-21.049088014
"1081",2.302060827,-21.052896527
"1082",2.30551904,-21.05670504
"1083",2.308977253,-21.060513553
"1084",2.312435466,-21.064322066
"1085",2.315893679,-21.068130579
"1086",2.319351892,-21.071939092
"1087",2.322810105,-21.075747605
"1088",2.326268318,-21.079556118
"1089",2.329726531,-21.083364631
"1090",2.333184744,-21.087173144
"1091",2.336642957,-21.090981657
"1092",2.34010117,-21.09479017
"1093",2.343559383,-21.098598683
"1094",2.347017596,-21.102407196
"1095",2.350475809,-21.106215709
"1096",2.353934022,-21.110024222
"1097",2.357392235,-21.113832735
"1098",2.360850448,-21.117641248
"1099",2.364308661,-21.121449761
"1100",2.367766874,-21.125258274
"1101",2.371225087,-21.129066787
"1102",2.3746833,-21.1328753
"1103",2.378141513,-21.136683813
"1104",2.381599726,-21.140492326
"1105",2.385057939,-21.144300839
"1106",2.388516152,-21.148109352
"1107",2.391974365,-21.151917865
"1108",2.395432578,-21.155726378
"1109",2.398890791,-21.159534891
"1110",2.402349004,-21.163343404
"1111",2.405807217,-21.167151917
"1112",2.40926543,-21.17096043
"1113",2.412723643,-21.174768943
"1114",2.416181856,-21.178577456
"1115",2.419640069,-21.182385969
"1116",2.423098282,-21.186194482
"1117",2.426556495,-21.190002995
"1118",2.430014708,-21.193811508
"1119",2.433472921,-21.197620021
"1120",2.436931134,-21.201428534
"1121",2.440389347,-21.205237047
"1122",2.44384756,-21.20904556
"1123",2.447305773,-21.212854073
"1124",2.450763986,-21.216662586
"1125",2.454222199,-21.220471099
"1126",2.457680412,-21.224279612
"1127",2.461138625,-21.228088125
"1128",2.464596838,-21.231896638
"1129",2.468055051,-21.235705151
"1130",2.471513264,-21.239513664
"1131",2.474971477,-21.243322177
"1132",2.47842969,-21.24713069
"1133",2.481887903,-21.250939203
"1134",2.485346116,-21.254747716
"1135",2.488804329,-21.258556229
"1136",2.492262542,-21.262364742
"1137",2.495720755,-21.266173255
"1138",2.499178968,-21.269981768
"1139",2.502637181,-21.273790281
"1140",2.506095394,-21.277598794
"1141",2.509553607,-21.281407307
"1142",2.51301182,-21.28521582
"1143",2.516470033,-21.289024333
"1144",2.519928246,-21.292832846
"1145",2.523386459,-21.296641359
"1146",2.526844672,-21.300449872
"1147",2.530302885,-21.304258385
"1148",2.533761098,-21.308066898
"1149",2.537219311,-21.311875411
"1150",2.540677524,-21.315683924
"1151",2.544135737,-21.319492437
"1152",2.54759395,-21.32330095
"1153",2.551052163,-21.327109463
"1154",2.554510376,-21.330917976
"1155",2.557968589,-21.334726489
"1156",2.561426802,-21.338535002
"1157",2.564885015,-21.342343515
"1158",2.568343228,-21.346152028
"1159",2.571801441,-21.349960541
"1160",2.575259654,-21.353769054
"1161",2.578717867,-21.357577567
"1162",2.58217608,-21.36138608
"1163",2.585634293,-21.365194593
"1164",2.589092506,-21.369003106
"1165",2.592550719,-21.372811619
"1166",2.596008932,-21.376620132
"1167",2.599467145,-21.380428645
"1168",2.602925358,-21.384237158
"1169",2.606383571,-21.388045671
"1170",2.609841784,-21.391854184
"1171",2.613299997,-21.395662697
"1172",2.61675821,-21.39947121
"1173",2.620216423,-21.403279723
"1174",2.623674636,-21.407088236
"1175",2.627132849,-21.410896749
"1176",2.630591062,-21.414705262
"1177",2.634049275,-21.418513775
"1178",2.637507488,-21.422322288
"1179",2.640965701,-21.426130801
"1180",2.644423914,-21.429939314
"1181",2.647882127,-21.433747827
"1182",2.65134034,-21.43755634
"1183",2.654798553,-21.441364853
"1184",2.658256766,-21.445173366
"1185",2.661714979,-21.448981879
"1186",2.665173192,-21.452790392
"1187",2.668631405,-21.456598905
"1188",2.672089618,-21.460407418
"1189",2.675547831,-21.464215931
"1190",2.679006044,-21.468024444
"1191",2.682464257,-21.471832957
"1192",2.68592247,-21.47564147
"1193",2.689380683,-21.479449983
"1194",2.692838896,-21.483258496
"1195",2.696297109,-21.487067009
"1196",2.699755322,-21.490875522
"1197",2.703213535,-21.494684035
"1198",2.706671748,-21.498492548
"1199",2.710129961,-21.502301061
"1200",2.713588174,-21.506109574
"1201",2.717046387,-21.509918087
"1202",2.7205046,-21.5137266
"1203",2.723962813,-21.517535113
"1204",2.727421026,-21.521343626
"1205",2.730879239,-21.525152139
"1206",2.734337452,-21.528960652
"1207",2.737795665,-21.532769165
"1208",2.741253878,-21.536577678
"1209",2.744712091,-21.540386191
"1210",2.748170304,-21.544194704
"1211",2.751628517,-21.548003217
"1212",2.75508673,-21.55181173
"1213",2.758544943,-21.555620243
"1214",2.762003156,-21.559428756
"1215",2.765461369,-21.563237269
"1216",2.768919582,-21.567045782
"1217",2.772377795,-21.570854295
"1218",2.775836008,-21.574662808
"1219",2.779294221,-21.578471321
"1220",2.782752434,-21.582279834
"1221",2.786210647,-21.586088347
"1222",2.78966886,-21.58989686
"1223",2.793127073,-21.593705373
"1224",2.796585286,-21.597513886
"1225",2.800043499,-21.601322399
"1226",2.803501712,-21.605130912
"1227",2.806959925,-21.608939425
"1228",2.810418138,-21.612747938
"1229",2.813876351,-21.616556451
"1230",2.817334564,-21.620364964
"1231",2.820792777,-21.624173477
"1232",2.82425099,-21.62798199
"1233",2.827709203,-21.631790503
"1234",2.831167416,-21.635599016
"1235",2.834625629,-21.639407529
"1236",2.838083842,-21.643216042
"1237",2.841542055,-21.647024555
"1238",2.845000268,-21.650833068
"1239",2.848458481,-21.654641581
"1240",2.851916694,-21.658450094
"1241",2.855374907,-21.662258607
"1242",2.85883312,-21.66606712
"1243",2.862291333,-21.669875633
"1244",2.865749546,-21.673684146
"1245",2.869207759,-21.677492659
"1246",2.872665972,-21.681301172
"1247",2.876124185,-21.685109685
"1248",2.879582398,-21.688918198
"1249",2.883040611,-21.692726711
"1250",2.886498824,-21.696535224
"1251",2.889957037,-21.700343737
"1252",2.89341525,-21.70415225
"1253",2.896873463,-21.707960763
"1254",2.900331676,-21.711769276
"1255",2.903789889,-21.715577789
"1256",2.907248102,-21.719386302
"1257",2.910706315,-21.723194815
"1258",2.914164528,-21.727003328
"1259",2.917622741,-21.730811841
"1260",2.921080954,-21.734620354
"1261",2.924539167,-21.738428867
"1262",2.92799738,-21.74223738
"1263",2.931455593,-21.746045893
"1264",2.934913806,-21.749854406
"1265",2.938372019,-21.753662919
"1266",2.941830232,-21.757471432
"1267",2.945288445,-21.761279945
"1268",2.948746658,-21.765088458
"1269",2.952204871,-21.768896971
"1270",2.955663084,-21.772705484
"1271",2.959121297,-21.776513997
"1272",2.96257951,-21.78032251
"1273",2.966037723,-21.784131023
"1274",2.969495936,-21.787939536
"1275",2.972954149,-21.791748049
"1276",2.976412362,-21.795556562
"1277",2.979870575,-21.799365075
"1278",2.983328788,-21.803173588
"1279",2.986787001,-21.806982101
"1280",2.990245214,-21.810790614
"1281",2.993703427,-21.814599127
"1282",2.99716164,-21.81840764
"1283",3.000619853,-21.822216153
"1284",3.004078066,-21.826024666
"1285",3.007536279,-21.829833179
"1286",3.010994492,-21.833641692
"1287",3.014452705,-21.837450205
"1288",3.017910918,-21.841258718
"1289",3.021369131,-21.845067231
"1290",3.024827344,-21.848875744
"1291",3.028285557,-21.852684257
"1292",3.03174377,-21.85649277
"1293",3.035201983,-21.860301283
"1294",3.038660196,-21.864109796
"1295",3.042118409,-21.867918309
"1296",3.045576622,-21.871726822
"1297",3.049034835,-21.875535335
"1298",3.052493048,-21.879343848
"1299",3.055951261,-21.883152361
"1300",3.059409474,-21.886960874
"1301",3.062867687,-21.890769387
"1302",3.0663259,-21.8945779
"1303",3.069784113,-21.898386413
"1304",3.073242326,-21.902194926
"1305",3.076700539,-21.906003439
"1306",3.080158752,-21.909811952
"1307",3.083616965,-21.913620465
"1308",3.087075178,-21.917428978
"1309",3.090533391,-21.921237491
"1310",3.093991604,-21.925046004
"1311",3.097449817,-21.928854517
"1312",3.10090803,-21.93266303
"1313",3.104366243,-21.936471543
"1314",3.107824456,-21.940280056
"1315",3.111282669,-21.944088569
"1316",3.114740882,-21.947897082
"1317",3.118199095,-21.951705595
"1318",3.121657308,-21.955514108
"1319",3.125115521,-21.959322621
"1320",3.128573734,-21.963131134
"1321",3.132031947,-21.966939647
"1322",3.13549016,-21.97074816
"1323",3.138948373,-21.974556673
"1324",3.142406586,-21.978365186
"1325",3.145864799,-21.982173699
"1326",3.149323012,-21.985982212
"1327",3.152781225,-21.989790725
"1328",3.156239438,-21.993599238
"1329",3.159697651,-21.997407751
"1330",3.163155864,-22.001216264
"1331",3.166614077,-22.005024777
"1332",3.17007229,-22.00883329
"1333",3.173530503,-22.012641803
"1334",3.176988716,-22.016450316
"1335",3.180446929,-22.020258829
"1336",3.183905142,-22.024067342
"1337",3.187363355,-22.027875855
"1338",3.190821568,-22.031684368
"1339",3.194279781,-22.035492881
"1340",3.197737994,-22.039301394
"1341",3.201196207,-22.043109907
"1342",3.20465442,-22.04691842
"1343",3.208112633,-22.050726933
"1344",3.211570846,-22.054535446
"1345",3.215029059,-22.058343959
"1346",3.218487272,-22.062152472
"1347",3.221945485,-22.065960985
"1348",3.225403698,-22.069769498
"1349",3.228861911,-22.073578011
"1350",3.232320124,-22.077386524
"1351",3.235778337,-22.081195037
"1352",3.23923655,-22.08500355
"1353",3.242694763,-22.088812063
"1354",3.246152976,-22.092620576
"1355",3.249611189,-22.096429089
"1356",3.253069402,-22.100237602
"1357",3.256527615,-22.104046115
"1358",3.259985828,-22.107854628
"1359",3.263444041,-22.111663141
"1360",3.266902254,-22.115471654
"1361",3.270360467,-22.119280167
"1362",3.27381868,-22.12308868
"1363",3.277276893,-22.126897193
"1364",3.280735106,-22.130705706
"1365",3.284193319,-22.134514219
"1366",3.287651532,-22.138322732
"1367",3.291109745,-22.142131245
"1368",3.294567958,-22.145939758
"1369",3.298026171,-22.149748271
"1370",3.301484384,-22.153556784
"1371",3.304942597,-22.157365297
"1372",3.30840081,-22.16117381
"1373",3.311859023,-22.164982323
"1374",3.315317236,-22.168790836
"1375",3.318775449,-22.172599349
"1376",3.322233662,-22.176407862
"1377",3.325691875,-22.180216375
"1378",3.329150088,-22.184024888
"1379",3.332608301,-22.187833401
"1380",3.336066514,-22.191641914
"1381",3.339524727,-22.195450427
"1382",3.34298294,-22.19925894
"1383",3.346441153,-22.203067453
"1384",3.349899366,-22.206875966
"1385",3.353357579,-22.210684479
"1386",3.356815792,-22.214492992
"1387",3.360274005,-22.218301505
"1388",3.363732218,-22.222110018
"1389",3.367190431,-22.225918531
"1390",3.370648644,-22.229727044
"1391",3.374106857,-22.233535557
"1392",3.37756507,-22.23734407
"1393",3.381023283,-22.241152583
"1394",3.384481496,-22.244961096
"1395",3.387939709,-22.248769609
"1396",3.391397922,-22.252578122
"1397",3.394856135,-22.256386635
"1398",3.398314348,-22.260195148
"1399",3.401772561,-22.264003661
"1400",3.405230774,-22.267812174
"1401",3.408688987,-22.271620687
"1402",3.4121472,-22.2754292
"1403",3.415605413,-22.279237713
"1404",3.419063626,-22.283046226
"1405",3.422521839,-22.286854739
"1406",3.425980052,-22.290663252
"1407",3.429438265,-22.294471765
"1408",3.432896478,-22.298280278
"1409",3.436354691,-22.302088791
"1410",3.439812904,-22.305897304
"1411",3.443271117,-22.309705817
"1412",3.44672933,-22.31351433
"1413",3.450187543,-22.317322843
"1414",3.453645756,-22.321131356
"1415",3.457103969,-22.324939869
"1416",3.460562182,-22.328748382
"1417",3.464020395,-22.332556895
"1418",3.467478608,-22.336365408
"1419",3.470936821,-22.340173921
"1420",3.474395034,-22.343982434
"1421",3.477853247,-22.347790947
"1422",3.48131146,-22.35159946
"1423",3.484769673,-22.355407973
"1424",3.488227886,-22.359216486
"1425",3.491686099,-22.363024999
"1426",3.495144312,-22.366833512
"1427",3.498602525,-22.370642025
"1428",3.502060738,-22.374450538
"1429",3.505518951,-22.378259051
"1430",3.508977164,-22.382067564
"1431",3.512435377,-22.385876077
"1432",3.51589359,-22.38968459
"1433",3.519351803,-22.393493103
"1434",3.522810016,-22.397301616
"1435",3.526268229,-22.401110129
"1436",3.529726442,-22.404918642
"1437",3.533184655,-22.408727155
"1438",3.536642868,-22.412535668
"1439",3.540101081,-22.416344181
"1440",3.543559294,-22.420152694
"1441",3.547017507,-22.423961207
"1442",3.55047572,-22.42776972
"1443",3.553933933,-22.431578233
"1444",3.557392146,-22.435386746
"1445",3.560850359,-22.439195259
"1446",3.564308572,-22.443003772
"1447",3.567766785,-22.446812285
"1448",3.571224998,-22.450620798
"1449",3.574683211,-22.454429311
"1450",3.578141424,-22.458237824
"1451",3.581599637,-22.462046337
"1452",3.58505785,-22.46585485
"1453",3.588516063,-22.469663363
"1454",3.591974276,-22.473471876
"1455",3.595432489,-22.477280389
"1456",3.598890702,-22.481088902
"1457",3.602348915,-22.484897415
"1458",3.605807128,-22.488705928
"1459",3.609265341,-22.492514441
"1460",3.612723554,-22.496322954
"1461",3.616181767,-22.500131467
"1462",3.61963998,-22.50393998
"1463",3.623098193,-22.507748493
"1464",3.626556406,-22.511557006
"1465",3.630014619,-22.515365519
"1466",3.633472832,-22.519174032
"1467",3.636931045,-22.522982545
"1468",3.640389258,-22.526791058
"1469",3.643847471,-22.530599571
"1470",3.647305684,-22.534408084
"1471",3.650763897,-22.538216597
"1472",3.65422211,-22.54202511
"1473",3.657680323,-22.545833623
"1474",3.661138536,-22.549642136
"1475",3.664596749,-22.553450649
"1476",3.668054962,-22.557259162
"1477",3.671513175,-22.561067675
"1478",3.674971388,-22.564876188
"1479",3.678429601,-22.568684701
"1480",3.681887814,-22.572493214
"1481",3.685346027,-22.576301727
"1482",3.68880424,-22.58011024
"1483",3.692262453,-22.583918753
"1484",3.695720666,-22.587727266
"1485",3.699178879,-22.591535779
"1486",3.702637092,-22.595344292
"1487",3.706095305,-22.599152805
"1488",3.709553518,-22.602961318
"1489",3.713011731,-22.606769831
"1490",3.716469944,-22.610578344
"1491",3.719928157,-22.614386857
"1492",3.72338637,-22.61819537
"1493",3.726844583,-22.622003883
"1494",3.730302796,-22.625812396
"1495",3.733761009,-22.629620909
"1496",3.737219222,-22.633429422
"1497",3.740677435,-22.637237935
"1498",3.744135648,-22.641046448
"1499",3.747593861,-22.644854961
"1500",3.751052074,-22.648663474
"1501",3.754510287,-22.652471987
"1502",3.7579685,-22.6562805
"1503",3.761426713,-22.660089013
"1504",3.764884926,-22.663897526
"1505",3.768343139,-22.667706039
"1506",3.771801352,-22.671514552
"1507",3.775259565,-22.675323065
"1508",3.778717778,-22.679131578
"1509",3.782175991,-22.682940091
"1510",3.785634204,-22.686748604
"1511",3.789092417,-22.690557117
"1512",3.79255063,-22.69436563
"1513",3.796008843,-22.698174143
"1514",3.799467056,-22.701982656
"1515",3.802925269,-22.705791169
"1516",3.806383482,-22.709599682
"1517",3.809841695,-22.713408195
"1518",3.813299908,-22.717216708
"1519",3.816758121,-22.721025221
"1520",3.820216334,-22.724833734
"1521",3.823674547,-22.728642247
"1522",3.82713276,-22.73245076
"1523",3.830590973,-22.736259273
"1524",3.834049186,-22.740067786
"1525",3.837507399,-22.743876299
"1526",3.840965612,-22.747684812
"1527",3.844423825,-22.751493325
"1528",3.847882038,-22.755301838
"1529",3.851340251,-22.759110351
"1530",3.854798464,-22.762918864
"1531",3.858256677,-22.766727377
"1532",3.86171489,-22.77053589
"1533",3.865173103,-22.774344403
"1534",3.868631316,-22.778152916
"1535",3.872089529,-22.781961429
"1536",3.875547742,-22.785769942
"1537",3.879005955,-22.789578455
"1538",3.882464168,-22.793386968
"1539",3.885922381,-22.797195481
"1540",3.889380594,-22.801003994
"1541",3.892838807,-22.804812507
"1542",3.89629702,-22.80862102
"1543",3.899755233,-22.812429533
"1544",3.903213446,-22.816238046
"1545",3.906671659,-22.820046559
"1546",3.910129872,-22.823855072
"1547",3.913588085,-22.827663585
"1548",3.917046298,-22.831472098
"1549",3.920504511,-22.835280611
"1550",3.923962724,-22.839089124
"1551",3.927420937,-22.842897637
"1552",3.93087915,-22.84670615
"1553",3.934337363,-22.850514663
"1554",3.937795576,-22.854323176
"1555",3.941253789,-22.858131689
"1556",3.944712002,-22.861940202
"1557",3.948170215,-22.865748715
"1558",3.951628428,-22.869557228
"1559",3.955086641,-22.873365741
"1560",3.958544854,-22.877174254
"1561",3.962003067,-22.880982767
"1562",3.96546128,-22.88479128
"1563",3.968919493,-22.888599793
"1564",3.972377706,-22.892408306
"1565",3.975835919,-22.896216819
"1566",3.979294132,-22.900025332
"1567",3.982752345,-22.903833845
"1568",3.986210558,-22.907642358
"1569",3.989668771,-22.911450871
"1570",3.993126984,-22.915259384
"1571",3.996585197,-22.919067897
"1572",4.00004341,-22.92287641
"1573",4.003501623,-22.926684923
"1574",4.006959836,-22.930493436
"1575",4.010418049,-22.934301949
"1576",4.013876262,-22.938110462
"1577",4.017334475,-22.941918975
"1578",4.020792688,-22.945727488
"1579",4.024250901,-22.949536001
"1580",4.027709114,-22.953344514
"1581",4.031167327,-22.957153027
"1582",4.03462554,-22.96096154
"1583",4.038083753,-22.964770053
"1584",4.041541966,-22.968578566
"1585",4.045000179,-22.972387079
"1586",4.048458392,-22.976195592
"1587",4.051916605,-22.980004105
"1588",4.055374818,-22.983812618
"1589",4.058833031,-22.987621131
"1590",4.062291244,-22.991429644
"1591",4.065749457,-22.995238157
"1592",4.06920767,-22.99904667
"1593",4.072665883,-23.002855183
"1594",4.076124096,-23.006663696
"1595",4.079582309,-23.010472209
"1596",4.083040522,-23.014280722
"1597",4.086498735,-23.018089235
"1598",4.089956948,-23.021897748
"1599",4.093415161,-23.025706261
"1600",4.096873374,-23.029514774
"1601",4.100331587,-23.033323287
"1602",4.1037898,-23.0371318
"1603",4.107248013,-23.040940313
"1604",4.110706226,-23.044748826
"1605",4.114164439,-23.048557339
"1606",4.117622652,-23.052365852
"1607",4.121080865,-23.056174365
"1608",4.124539078,-23.059982878
"1609",4.127997291,-23.063791391
"1610",4.131455504,-23.067599904
"1611",4.134913717,-23.071408417
"1612",4.13837193,-23.07521693
"1613",4.141830143,-23.079025443
"1614",4.145288356,-23.082833956
"1615",4.148746569,-23.086642469
"1616",4.152204782,-23.090450982
"1617",4.155662995,-23.094259495
"1618",4.159121208,-23.098068008
"1619",4.162579421,-23.101876521
"1620",4.166037634,-23.105685034
"1621",4.169495847,-23.109493547
"1622",4.17295406,-23.11330206
"1623",4.176412273,-23.117110573
"1624",4.179870486,-23.120919086
"1625",4.183328699,-23.124727599
"1626",4.186786912,-23.128536112
"1627",4.190245125,-23.132344625
"1628",4.193703338,-23.136153138
"1629",4.197161551,-23.139961651
"1630",4.200619764,-23.143770164
"1631",4.204077977,-23.147578677
"1632",4.20753619,-23.15138719
"1633",4.210994403,-23.155195703
"1634",4.214452616,-23.159004216
"1635",4.217910829,-23.162812729
"1636",4.221369042,-23.166621242
"1637",4.224827255,-23.170429755
"1638",4.228285468,-23.174238268
"1639",4.231743681,-23.178046781
"1640",4.235201894,-23.181855294
"1641",4.238660107,-23.185663807
"1642",4.24211832,-23.18947232
"1643",4.245576533,-23.193280833
"1644",4.249034746,-23.197089346
"1645",4.252492959,-23.200897859
"1646",4.255951172,-23.204706372
"1647",4.259409385,-23.208514885
"1648",4.262867598,-23.212323398
"1649",4.266325811,-23.216131911
"1650",4.269784024,-23.219940424
"1651",4.273242237,-23.223748937
"1652",4.27670045,-23.22755745
"1653",4.280158663,-23.231365963
"1654",4.283616876,-23.235174476
"1655",4.287075089,-23.238982989
"1656",4.290533302,-23.242791502
"1657",4.293991515,-23.246600015
"1658",4.297449728,-23.250408528
"1659",4.300907941,-23.254217041
"1660",4.304366154,-23.258025554
"1661",4.307824367,-23.261834067
"1662",4.31128258,-23.26564258
"1663",4.314740793,-23.269451093
"1664",4.318199006,-23.273259606
"1665",4.321657219,-23.277068119
"1666",4.325115432,-23.280876632
"1667",4.328573645,-23.284685145
"1668",4.332031858,-23.288493658
"1669",4.335490071,-23.292302171
"1670",4.338948284,-23.296110684
"1671",4.342406497,-23.299919197
"1672",4.34586471,-23.30372771
"1673",4.349322923,-23.307536223
"1674",4.352781136,-23.311344736
"1675",4.356239349,-23.315153249
"1676",4.359697562,-23.318961762
"1677",4.363155775,-23.322770275
"1678",4.366613988,-23.326578788
"1679",4.370072201,-23.330387301
"1680",4.373530414,-23.334195814
"1681",4.376988627,-23.338004327
"1682",4.38044684,-23.34181284
"1683",4.383905053,-23.345621353
"1684",4.387363266,-23.349429866
"1685",4.390821479,-23.353238379
"1686",4.394279692,-23.357046892
"1687",4.397737905,-23.360855405
"1688",4.401196118,-23.364663918
"1689",4.404654331,-23.368472431
"1690",4.408112544,-23.372280944
"1691",4.411570757,-23.376089457
"1692",4.41502897,-23.37989797
"1693",4.418487183,-23.383706483
"1694",4.421945396,-23.387514996
"1695",4.425403609,-23.391323509
"1696",4.428861822,-23.395132022
"1697",4.432320035,-23.398940535
"1698",4.435778248,-23.402749048
"1699",4.439236461,-23.406557561
"1700",4.442694674,-23.410366074
"1701",4.446152887,-23.414174587
"1702",4.4496111,-23.4179831
"1703",4.453069313,-23.421791613
"1704",4.456527526,-23.425600126
"1705",4.459985739,-23.429408639
"1706",4.463443952,-23.433217152
"1707",4.466902165,-23.437025665
"1708",4.470360378,-23.440834178
"1709",4.473818591,-23.444642691
"1710",4.477276804,-23.448451204
"1711",4.480735017,-23.452259717
"1712",4.48419323,-23.45606823
"1713",4.487651443,-23.459876743
"1714",4.491109656,-23.463685256
"1715",4.494567869,-23.467493769
"1716",4.498026082,-23.471302282
"1717",4.501484295,-23.475110795
"1718",4.504942508,-23.478919308
"1719",4.508400721,-23.482727821
"1720",4.511858934,-23.486536334
"1721",4.515317147,-23.490344847
"1722",4.51877536,-23.49415336
"1723",4.522233573,-23.497961873
"1724",4.525691786,-23.501770386
"1725",4.529149999,-23.505578899
"1726",4.532608212,-23.509387412
"1727",4.536066425,-23.513195925
"1728",4.539524638,-23.517004438
"1729",4.542982851,-23.520812951
"1730",4.546441064,-23.524621464
"1731",4.549899277,-23.528429977
"1732",4.55335749,-23.53223849
"1733",4.556815703,-23.536047003
"1734",4.560273916,-23.539855516
"1735",4.563732129,-23.543664029
"1736",4.567190342,-23.547472542
"1737",4.570648555,-23.551281055
"1738",4.574106768,-23.555089568
"1739",4.577564981,-23.558898081
"1740",4.581023194,-23.562706594
"1741",4.584481407,-23.566515107
"1742",4.58793962,-23.57032362
"1743",4.591397833,-23.574132133
"1744",4.594856046,-23.577940646
"1745",4.598314259,-23.581749159
"1746",4.601772472,-23.585557672
"1747",4.605230685,-23.589366185
"1748",4.608688898,-23.593174698
"1749",4.612147111,-23.596983211
"1750",4.615605324,-23.600791724
"1751",4.619063537,-23.604600237
"1752",4.62252175,-23.60840875
"1753",4.625979963,-23.612217263
"1754",4.629438176,-23.616025776
"1755",4.632896389,-23.619834289
"1756",4.636354602,-23.623642802
"1757",4.639812815,-23.627451315
"1758",4.643271028,-23.631259828
"1759",4.646729241,-23.635068341
"1760",4.650187454,-23.638876854
"1761",4.653645667,-23.642685367
"1762",4.65710388,-23.64649388
"1763",4.660562093,-23.650302393
"1764",4.664020306,-23.654110906
"1765",4.667478519,-23.657919419
"1766",4.670936732,-23.661727932
"1767",4.674394945,-23.665536445
"1768",4.677853158,-23.669344958
"1769",4.681311371,-23.673153471
"1770",4.684769584,-23.676961984
"1771",4.688227797,-23.680770497
"1772",4.69168601,-23.68457901
"1773",4.695144223,-23.688387523
"1774",4.698602436,-23.692196036
"1775",4.702060649,-23.696004549
"1776",4.705518862,-23.699813062
"1777",4.708977075,-23.703621575
"1778",4.712435288,-23.707430088
"1779",4.715893501,-23.711238601
"1780",4.719351714,-23.715047114
"1781",4.722809927,-23.718855627
"1782",4.72626814,-23.72266414
"1783",4.729726353,-23.726472653
"1784",4.733184566,-23.730281166
"1785",4.736642779,-23.734089679
"1786",4.740100992,-23.737898192
"1787",4.743559205,-23.741706705
"1788",4.747017418,-23.745515218
"1789",4.750475631,-23.749323731
"1790",4.753933844,-23.753132244
"1791",4.757392057,-23.756940757
"1792",4.76085027,-23.76074927
"1793",4.764308483,-23.764557783
"1794",4.767766696,-23.768366296
"1795",4.771224909,-23.772174809
"1796",4.774683122,-23.775983322
"1797",4.778141335,-23.779791835
"1798",4.781599548,-23.783600348
"1799",4.785057761,-23.787408861
"1800",4.788515974,-23.791217374
"1801",4.791974187,-23.795025887
"1802",4.7954324,-23.7988344
"1803",4.798890613,-23.802642913
"1804",4.802348826,-23.806451426
"1805",4.805807039,-23.810259939
"1806",4.809265252,-23.814068452
"1807",4.812723465,-23.817876965
"1808",4.816181678,-23.821685478
"1809",4.819639891,-23.825493991
"1810",4.823098104,-23.829302504
"1811",4.826556317,-23.833111017
"1812",4.83001453,-23.83691953
"1813",4.833472743,-23.840728043
"1814",4.836930956,-23.844536556
"1815",4.840389169,-23.848345069
"1816",4.843847382,-23.852153582
"1817",4.847305595,-23.855962095
"1818",4.850763808,-23.859770608
"1819",4.854222021,-23.863579121
"1820",4.857680234,-23.867387634
"1821",4.861138447,-23.871196147
"1822",4.86459666,-23.87500466
"1823",4.868054873,-23.878813173
"1824",4.871513086,-23.882621686
"1825",4.874971299,-23.886430199
"1826",4.878429512,-23.890238712
"1827",4.881887725,-23.894047225
"1828",4.885345938,-23.897855738
"1829",4.888804151,-23.901664251
"1830",4.892262364,-23.905472764
"1831",4.895720577,-23.909281277
"1832",4.89917879,-23.91308979
"1833",4.902637003,-23.916898303
"1834",4.906095216,-23.920706816
"1835",4.909553429,-23.924515329
"1836",4.913011642,-23.928323842
"1837",4.916469855,-23.932132355
"1838",4.919928068,-23.935940868
"1839",4.923386281,-23.939749381
"1840",4.926844494,-23.943557894
"1841",4.930302707,-23.947366407
"1842",4.93376092,-23.95117492
"1843",4.937219133,-23.954983433
"1844",4.940677346,-23.958791946
"1845",4.944135559,-23.962600459
"1846",4.947593772,-23.966408972
"1847",4.951051985,-23.970217485
"1848",4.954510198,-23.974025998
"1849",4.957968411,-23.977834511
"1850",4.961426624,-23.981643024
"1851",4.964884837,-23.985451537
"1852",4.96834305,-23.98926005
"1853",4.971801263,-23.993068563
"1854",4.975259476,-23.996877076
